Conéctese con organizaciones comunitarias, campañas y recursos del Área de la Bahía		
para colaborar a fin de tener un aire más limpio, especialmente en las comunidades más cercanas a los contaminadores.		
		
Text	Link	Bullet Points
350 Bay Area	http://350bayarea.org/	
Asian Pacific Environmental Network	http://apen4ej.org/	
Citizen Air Monitoring Network, Vallejo	http://citizenairmonitoringnetwork.org/vallejo/	
Communities for a Better Environment	http://www.cbecal.org/	
Community Energy reSource	https://www.energy-re-source.com/	
Crockett-Rodeo United to Defend the Environment (C.R.U.D.E.)	https://crockett-rodeo-united.com	
Fresh Air Vallejo	http://freshairvallejo.com/	
Fossil Free California	http://fossilfreeca.org	
Greenaction for Health & Environmental Justice	http://greenaction.org/	
Idle No More SF Bay	http://www.idlenomoresfbay.org/	
Richmond Progressive Alliance	http://www.richmondprogressivealliance.net/	
Rodeo Citizens Association	https://rodeocitizensassociation.org/	
Sierra Club, San Francisco Bay Chapter	http://www.sierraclub.org/san-francisco-bay/environmental-justice	
Stand.earth	https://www.stand.earth/	
Sunflower Alliance	http://www.sunflower-alliance.org	